{"cameraMode":{"drawMode":0,"name":"Shaded","section":"Shading Mode"},"sceneLighting":false,"audioPlay":false,"sceneViewState":{"m_AlwaysRefresh":false,"showFog":true,"showSkybox":false,"showFlares":true,"showImageEffects":true,"showParticleSystems":true,"showVisualEffectGraphs":true,"m_FxEnabled":true},"in2DMode":false,"pivot":{"x":-0.09339798986911774,"y":0.9748913049697876,"z":0.8817706108093262},"rotation":{"x":-0.006017656065523624,"y":0.9886525869369507,"z":-0.1442655771970749,"w":-0.04125474393367767},"size":1.5013527870178223,"orthographic":true}