{"cameraMode":{"drawMode":0,"name":"Shaded","section":"Shading Mode"},"sceneLighting":true,"audioPlay":false,"sceneViewState":{"m_AlwaysRefresh":false,"showFog":true,"showSkybox":true,"showFlares":true,"showImageEffects":true,"showParticleSystems":true,"showVisualEffectGraphs":true,"m_FxEnabled":true},"in2DMode":false,"pivot":{"x":258.5221862792969,"y":257.65264892578127,"z":-1.4010162353515626},"rotation":{"x":-0.03769303113222122,"y":0.47643131017684939,"z":-0.020453976467251779,"w":-0.8781596422195435},"size":71.4784164428711,"orthographic":true}