{"cameraMode":{"drawMode":0,"name":"Shaded","section":"Shading Mode"},"sceneLighting":true,"audioPlay":false,"sceneViewState":{"m_AlwaysRefresh":false,"showFog":true,"showSkybox":true,"showFlares":true,"showImageEffects":true,"showParticleSystems":true,"showVisualEffectGraphs":true,"m_FxEnabled":true},"in2DMode":false,"pivot":{"x":1.0301620960235596,"y":3.6683900356292726,"z":0.7059149742126465},"rotation":{"x":-0.2069965898990631,"y":0.7824766039848328,"z":-0.4812474250793457,"w":-0.33656296133995058},"size":4.600637912750244,"orthographic":true}